is_genuine,diagonal,height_left,height_right,margin_low,margin_up,length,num_serie
False,171.96017222290564,104.45900485725346,104.24477255188908,5.73064821578938,3.1925921284453307,110.93294902740469,S84447525373
True,172.21130827696686,103.74524104559873,103.25094551732762,4.481681378670997,2.873729879481106,113.25469265868196,O69027750474
True,171.6780129276155,103.83855041513266,103.56510981595518,3.8645103494274857,3.082850535654714,113.65946625576444,Q05078059880
False,173.02960160872144,104.59695371975495,104.31897279137522,5.048539839239048,2.9900874062691636,110.93155920246579,U97771730579
True,171.70430057386446,103.92587149652518,104.08757507144692,3.950776383104816,2.8956371266837277,113.62120929189636,Y75058371637
True,171.9599958082521,104.34734595808372,104.209612571524,4.486251436403211,3.0379540222107333,112.97252823639997,B10565204512
False,171.69928372735495,104.20118404761128,104.05525019019846,5.49960950847866,3.329722188823442,111.60835042104276,A74752526965
False,171.81718864353007,104.17600368736578,104.28524463373515,4.953961067209628,3.5888512071019276,111.68773436811327,E56829427949
True,172.00492432647204,103.85017273492207,103.3629669437489,4.170556292074914,3.048033909209186,113.11586730580116,W83304597609
True,172.21241103886675,104.27683790435526,104.39216697989279,4.015647206329993,3.322518493804651,113.85066448258796,V98833505326
True,171.91052442468725,104.04234196405528,104.16044571568965,4.0775826353531714,3.3628509436313254,111.55859765584212,M66897086886
False,172.10206275561023,104.17960811456217,104.15198407936545,4.942464721079294,3.3960954683834146,112.36024914619489,G75895279336
False,171.69465529839235,104.19543854947703,104.37058598503616,5.3645713778940545,3.500993638922402,111.83803281401451,D92135095651
True,172.10632949785366,103.92940462705445,103.56219457705167,4.0855014916505885,3.0838650218081662,113.10588637341942,O87691512602
True,172.42975105315497,104.18831534798525,103.98437216336696,4.124534412422563,2.9277100275002965,113.28875835096761,I02573694261
False,171.673062090469,103.91397336131631,104.13807340722659,5.4075009453039105,3.3064907887550348,111.53742173990112,T59213464531
False,172.0992291029822,104.24543856806142,104.4706438626162,5.250396155165198,3.586356285121787,111.90832617575853,P46313474440
False,172.34697012682716,104.55372638148539,104.78531636394881,4.868909702965013,3.5238974289853227,112.41754086075066,P38677708767
True,172.01921604061076,103.97871081713645,103.73821849837388,3.8401592334871895,3.2407895345473836,113.40172084093969,L38804458061
True,171.85674849360137,104.18299108692479,103.72633107818788,4.236820733504018,2.961802424110886,112.76960618670951,H46783315584
True,172.15964346808155,103.94728300980535,103.80000517022461,4.251230807756964,2.8153350138932565,113.16751889041888,J49053870237
False,172.53752217647582,104.03726680148974,103.72447544324132,3.868625218365066,3.6266925308380764,110.84232170202885,Q69891592790
True,172.2412007679485,104.22410958572694,103.95876518593637,4.299753538865165,2.76219831972569,113.70709621508408,K49574606078
True,171.93351058312766,103.83979316860821,103.65887846011674,3.822139165137065,3.128901676817945,112.48417526300668,K71542367244
True,172.07923672444073,103.97361388087498,103.64878908199103,4.338053324994977,3.0947587253483357,113.18466009629037,E91108983346
True,172.0551599687185,103.92574175103388,103.71260605890261,4.596871222840601,2.673630183804946,113.33695332830702,B02371944547
True,172.22600070455047,103.90252544068385,103.47231380960352,3.761331814532231,3.0042827561969454,113.57983198794865,M74755913906
False,171.62625831759644,104.31999360476742,104.37056856298719,5.6503151146214705,3.240652591112315,112.27002111798087,M20744100260
False,172.42536516286907,104.33728322720258,103.94453223858764,4.082898635742553,3.3776374017750426,111.50467233781559,J61738327547
True,172.0874762587461,103.67158218555059,103.45396611182379,4.194554195839101,2.974386238578272,113.16952215862358,D80028461874
False,171.8799013064305,103.90314419678522,103.93477190685368,4.899322723971412,3.63459172987037,111.26362157665075,J97869662894
True,171.48343782820666,103.91307464386922,103.70831106276088,3.7275406179065125,3.119914200579182,113.58626938053426,P67921647233
False,171.6653572398368,104.11405896610694,104.40634724048849,4.844795598444587,3.6289476496696,112.08009612810963,E53918554365
False,172.30913795905826,104.61642693913659,104.79669360245308,4.840637601400517,3.5247252043436275,112.54427049554442,D23115185684
True,172.37592809371574,104.15985154328338,103.97774940151537,4.031263679358068,2.887030914067491,113.34811669655228,F15637968967
False,171.83330658542098,104.30505555672242,104.47049487519996,6.276022996335042,2.9717136787328027,111.1751178393219,G34477915448
True,172.2052386653651,103.69250664805028,103.2757739964893,4.5005706389054145,2.9159459786202877,113.42271957300815,G39519400183
False,171.51829050948,103.82446328236863,103.87417753079488,5.577006558120921,3.0073096795327903,112.83554047737235,W00910731866
True,171.76863370175204,104.89646947754602,104.96223857773302,4.514735752198071,2.85749221471922,112.91134580276305,X54467102306
True,172.408907664033,104.20801940788552,104.0426264813112,3.9947425867693114,2.921129415091276,113.43943508005081,A41802049088
True,171.75703448741677,103.76977752754983,103.52748047451283,4.257762933932397,2.9078706568894237,113.23932692635681,U38153604436
False,172.0033170396862,104.38028628875131,104.52351628496346,4.954794079079535,3.282489605260796,112.13215190382171,R27854964527
False,171.86091651650568,104.3876243949368,104.18699595172076,5.5252695442752895,3.3003284063391853,113.56765153333829,J95084463635
False,171.7106628335555,103.89956692088109,104.16700442797884,5.542874590491947,3.2868654919922435,111.4241057246314,L42681820880
True,172.32729749417828,103.76145841530486,103.49412074958036,3.596766515933182,3.172452746104662,113.0053949269172,J00693327782
False,171.8134346415139,103.99839430860058,103.84599942937683,4.761861525021185,3.56323428743053,111.87114446212546,S52854796675
True,172.3837363726838,104.10491126311578,104.04025773220991,4.463071303692586,2.9325448212595666,113.9745785008163,Z80054164495
False,171.63194186538092,104.07370270384484,104.07795289367424,6.337484432501889,3.073308919443017,110.75865800295999,T72359427059
False,171.85054347110167,104.00911228268218,104.16608771232232,4.975930523407435,3.350813459261624,111.72788401291332,T13493984750
False,172.10521795390454,104.395384181644,104.2577051399665,5.392182653578458,3.426979305020702,112.06052853621904,G15330445318
True,171.83780413364383,103.77610501535331,103.78401939368831,3.885977941069569,3.2634177506678395,113.4544940666559,B09989743284
True,171.74584415940888,103.88617761045614,103.48223153539332,3.8426525201258936,3.002718446971157,113.09680291902832,B67421944728
True,171.64650633074913,103.2823386249464,103.61645977329678,4.012715008717312,2.9732942758899883,113.61861066157266,C86565071935
False,171.70017867960743,103.88933693385268,103.48072190849331,5.163606309730974,3.3205832188718336,111.42518713424657,O81880549199
False,171.6368492302156,104.13982848068886,103.95337671904402,5.5378918598018085,3.1811912200935106,111.56548580628132,Y67440514513
True,171.76760692089053,103.4813063164014,103.25648357793058,4.101554851549102,3.0623430000359066,112.77197763852477,X72369028170
False,172.13606994274994,104.49153753690263,104.19352523156495,6.1533342042826815,3.0875041169031032,111.21895479742376,P80199183149
True,172.11146399498017,103.68775496108213,103.55555945971636,4.439639919754089,2.838963223415892,113.60039031206252,C81220242071
False,171.40557288949512,103.77899706613152,103.7190592917429,5.266811001132869,3.4101059672785166,111.68545912886727,S35329408283
True,172.7493845002514,104.34165145653124,103.9898176324249,4.348712240517023,3.1567060718335056,113.00805296507447,F37696535805
True,172.2992024441712,104.03216376180653,103.9172867453487,4.397806770069729,2.9037430294325715,113.37543505921853,I78955327828
True,171.95907142927442,103.92680141416903,104.00285186150161,4.202175627647476,2.969986755818603,113.1298170993439,M12080760898
True,172.25359479607434,104.31907741482273,104.33981388501815,3.9836961270446167,3.2591537866104128,113.93257155275919,W12108233975
True,171.94326470102487,104.33287805759167,103.76236005466184,4.443038424739024,2.9487950985095326,112.71023935216236,D81252618767
True,171.5834283055117,103.59466853247604,103.34430330207711,3.4895628017774807,3.195623791954563,113.37495869546449,I45485607748
True,172.00809003701252,104.23042047591855,104.22085558342994,4.912409338601971,2.9236509985736716,113.49762362804742,Q91738678556
False,171.76958882792835,104.358705638512,104.06252891493142,5.994757157213023,3.164078601447362,111.73352021859053,L74663300149
False,171.75889551946918,104.00089742622052,104.30356390463801,4.962410592918298,3.4269469743982928,111.95080064317632,O69958897743
False,171.66114563843828,104.35247599888919,104.32668176328976,5.6691422018705415,3.228482001971105,112.21631096010863,E52761127594
False,171.56051952363467,104.19356055059531,103.90928335454662,6.03744649716378,3.3842412971395097,111.58430946203136,K13216012056
True,172.18286697684016,104.36817862797395,104.09942269762132,4.594206945753091,3.1863492928992367,112.87673948440413,O71714346497
True,171.78110354191296,103.78777653174913,103.76433208803049,4.366377913333198,2.8691484037740933,113.74613207287355,L78345743104
True,171.79948363951735,103.93224740733143,103.75915362096855,3.6988627107458933,3.2923399115377343,113.62952963857445,B94967146908
True,171.52347880466723,103.95184656660847,103.65694869498631,3.7747482730925066,3.1381429245681085,113.42421059602198,E92079786518
True,171.7937179291567,104.88060293666409,104.86919548589968,4.537501521857341,2.8587052017306807,112.70841487121496,L32149233221
False,171.91412942829285,103.87288947969606,103.97968374145536,4.797999208920494,3.686236308445688,111.4737773290321,C38500071305
True,171.59892094379177,103.52626279330482,103.59921512250916,3.871487633020683,2.9891089272167504,113.17293312087477,D68831582562
True,171.9621647384494,103.50287027441682,103.71637768821319,4.064104578151026,3.3371934431478567,113.55374601607491,C92970961464
True,171.74666131859502,104.14021285309606,103.99067410797642,4.0653324356663365,2.9864539968299426,113.53466777740861,C02174401919
True,171.13036833576234,104.27192302008797,103.17303822005894,4.113538375288463,2.918444965774146,112.96330123177081,T09190705244
False,171.90401754698945,104.39563912041922,104.1004379884542,5.26315028181539,3.412244697016754,112.00341986490876,Z88383848104
True,172.107679445663,103.94714625980201,103.7030990564678,4.422976307358206,3.046307722945382,113.07086726964448,X58064557780
True,172.08520883470854,103.70480204893764,103.81347098383607,3.6510243809798744,3.2306514418047887,112.65663663555529,G06443607056
True,171.86830173228077,104.34424044835276,103.73404200751473,4.466073961033752,2.9261479064328055,112.74479338451201,A64675999119
True,171.91642992652228,103.91496964145159,104.06097453657756,4.432199265174561,2.9484437396966516,113.06106611355138,B02756673333
True,172.0107168020391,103.94975792090229,103.76534112428057,3.9829699755057013,3.1145532149296558,113.72086338478071,R07899239476
False,172.02666533289036,104.17335480605196,103.90379398108226,4.960625474339211,3.628566012610056,111.51798530316583,I41324818654
True,171.56516087400402,103.50176082332388,103.59522219753049,3.9856173821166396,2.998740317512647,113.14450967996525,Q42205356825
True,171.71295204773818,103.88111630099857,104.11560283599378,4.151244681742874,2.8824514503174723,113.6172522586208,U85988194102
True,172.20878325027664,103.74885290629808,103.27364521178944,4.454806629640912,2.8478590189204476,113.45028534748573,A31787849133
False,171.75529189778788,104.07493279204505,104.11675752648645,5.824715783635488,3.3037564055552133,111.2296646179411,D20911226733
True,172.09805972517498,103.94589795782171,103.89070153980535,4.511858208097459,3.036151246816031,112.93037897490863,Q33893588346
True,171.80583251915553,103.77412186334632,103.50502614149102,4.66713760476537,2.8070742926739123,113.46820021960127,R72722451318
False,171.70358784707352,103.96831678035302,103.50583601557739,5.054219149479395,3.3089766178624296,111.3795116114715,R15072262755
True,172.38193029259602,104.13603946937201,104.09475256081724,4.375577617020533,2.9305835369237205,113.945937941597,A20932569580
True,171.64086609542412,103.92885839855421,103.60885526380511,4.018851068513469,3.2878416908658137,113.21272744746999,T79549730610
True,171.85017840544043,103.75013591173366,103.7081331275681,4.267595331148995,2.7696046169475044,113.62725039691728,D43684850787
False,171.8028481652226,104.10253110270891,104.18644928266036,5.751172634136807,3.2961450101043552,111.36561931778165,X30398629803
False,172.0999105175697,104.5199909348424,104.21274659433145,6.166255235970516,3.0286961116892734,111.11183886118897,B82853999850
True,171.4727679187239,103.52954861880326,103.50009514759303,4.0732851651556565,3.134356710750202,113.18136206504835,A47065269336
True,172.32954244178146,103.89141605600123,103.5540958983231,3.973573043010693,3.187524916311542,113.19871170759852,U91724997474
True,171.80999108052154,103.79668468848377,103.4285619149288,4.605346400080744,2.8310812125346296,113.25686870067781,K45564792420
False,171.7498025503328,104.50228033996586,104.07563170011423,6.032453785454209,3.2040554196096607,111.81248335028981,R56454634555
True,172.4501107462581,103.54978063315264,103.76047009067396,3.8713998663690994,2.835124752024021,113.32592815832649,H19361338620
True,171.93899712913364,104.25941469192733,103.85415321141038,3.6288682709955995,3.3894200850332212,113.11362672364417,D67796297065
False,171.91151252774537,103.93304173550432,104.04278354665256,4.898408637885451,3.628502422670472,111.35946740970077,O19299734815
True,171.81896537439147,103.76575797312361,103.75439992144345,4.374815360394585,2.83037269618333,113.93423926480394,O95320684997
True,172.0901303218505,104.06487210844689,103.95183624341202,4.015971016455434,3.2117262213404203,113.02293587726084,D93704451659
False,172.29714685932552,104.58551776948569,104.82393891046061,4.777203735349527,3.510294520665078,112.42404356850764,H36666151456
False,172.99608687257967,104.59029920948558,104.27219113961394,5.063408970635676,3.0829070176019107,110.9225583372977,G50096463280
True,171.96770239710185,103.93545579814682,103.8847379444262,4.2079459805209565,3.1370539014854244,113.06574268770412,G59372886726
False,172.13583491607085,104.00421385590657,104.2992963381134,5.821318174214055,3.164719118183884,111.23095745167157,U73037756278
True,171.57191781918698,103.46558209685152,103.60254838039765,3.9188078731995417,2.9993320073845777,113.0641793539187,Z08655431251
False,172.12051027955653,104.14927730458523,104.1873904087141,4.947796072525043,3.3726555081457747,112.26419684558441,X26030550101
True,171.7850330846561,103.74087948998412,103.82539161526938,4.452577599293442,2.7587863638607177,113.81967064942572,B30405060780
True,172.76347993885744,104.31406370515899,104.00252417731286,4.419276795840496,3.094065460698954,113.08028215847871,N50432494825
False,171.713204191876,104.23517327557038,104.31809400033497,5.6188331836975784,3.26594091996399,110.46774481843244,U67333615846
False,172.26207648014878,104.72581615141324,104.85024559872058,5.60383056846364,3.117960870235601,112.12400725079118,L19504036095
True,172.57570220833068,104.22265620874437,104.02251168534369,4.442200874091193,2.9428182327944707,113.14387520707777,Q85331629207
True,172.30247909316012,104.16413083205032,104.14624429384315,3.7510863538183337,3.263808330570121,113.24286056024687,S69480418044
True,172.2520449616922,103.72574002616777,103.43957832493167,3.7637411625745028,3.1963610539418923,113.0526271423244,U22814898535
True,172.11346330209673,103.969118967258,103.82233034602189,4.3961156336616325,3.0361169035282685,112.98079596349758,K08254070466
False,171.6647414608639,104.14683497841885,104.4560847769502,4.968803027135914,3.69427245490054,111.95816733737985,Z49336704792
True,172.14790774532636,104.40852068221771,103.81337533393305,3.8121836764154438,3.3008140348384822,112.67112172583877,K47836983902
False,171.90725429616398,104.33047941141756,104.0681147755548,4.886003819563522,3.0251956575445487,110.68329239975398,D90192216270
False,171.4488954372334,103.98029286146009,104.27481700995705,4.9056983415524735,3.4481859909628736,111.84205561633961,U84286380175
False,171.50922863317777,104.05722245971627,104.11450666896638,5.913527477564167,3.2458622733267366,111.86297378872301,Q93770416747
False,171.9664879092373,104.20496524042639,104.11022299561708,4.3399159587410026,3.4576017244662616,112.31433891462355,I46420425259
True,172.06602666022246,104.0044220381183,103.79048458203339,3.793827410762298,3.2421509942073583,113.50543841748629,A30715257055
False,171.6354889178041,103.92333448928983,104.13856394895805,5.3931537544698855,3.26797733269724,111.62474728244594,O82821446526
True,171.11996712221801,104.31528017388094,103.16081490576751,4.2540589641141935,2.9182818731515803,113.03999900459044,R32835592468
False,171.83114579220776,104.52811988367782,104.0429736202632,5.918008378795101,3.1973030166927336,111.87613729344007,P01500974864
True,172.80816047835214,104.27437943330001,103.94658957945323,4.347260737948058,3.1805400033331375,113.02463501310764,C86097180019
False,172.08735581401456,103.99777949375992,104.24954568240837,5.814122314338917,3.168595404645672,111.15139318755035,Z78306823150
True,172.09246221066095,103.96338095315275,103.74286232792791,4.448300626903284,3.079682561362254,113.19426893636053,X20348209843
False,171.95209300950535,104.46292063578612,104.34479470223809,5.424288123323172,3.3836315126905543,111.76220678775998,I45377928637
True,172.59501335410374,104.66963238282922,104.4163848670892,4.6318189917991575,2.958336417644636,113.2791426551033,U03057144987
True,172.1601365258438,104.57473494429553,103.69290105347275,4.1120846107089,3.257546312456618,112.61346777773835,D41148713470
True,171.8337625907985,103.79738201319512,103.82066129284827,4.302752472081078,2.902603810948974,113.867806393282,Z40997281513
True,171.7087688542658,104.12943029553458,103.99095459884768,4.052270119977714,3.0336728806663165,113.53156008677335,J59044788127
True,172.1611474542703,103.59575053112721,103.64469242117025,3.5575997675281363,3.5033202714984575,113.27170875691924,N56153251732
False,171.85088660056914,104.10716776503283,104.1076474225743,5.8645659615588555,3.3181125110177456,111.89976308163618,B09535994882
False,171.66446541230385,104.06174790747167,104.0116776264595,5.541058110035507,3.163580391679509,111.61750367541431,C96833340695
True,171.54816582985708,103.60602248626012,103.39247356732807,3.50940119489405,3.195993384965562,113.40278395161039,C43015070831
True,171.6946080253438,103.88409662566679,103.57098261097511,3.8810753682278722,3.153882177305803,112.78721209363584,A03456107466
False,172.25755687562437,104.48942353527895,104.61310848607727,5.1504189395551645,3.390017997762467,112.20698324491737,N30928977118
False,171.9149154384161,104.56875675931984,104.23979444404712,4.547154245002315,3.353222275811353,110.51504237256228,X76533132383
True,171.95719202741918,103.7220885580538,103.56854792989276,4.365825320672133,2.6879136180873844,112.72173930838241,J65191663214
True,172.13587994916477,104.00385303111635,103.67456941507541,4.551091801647717,3.070336835760522,113.03827714008541,G94092388097
True,171.53125768095768,103.84104660649211,103.36305235166371,4.464532112134288,2.775967695620718,113.8644855174551,D64789676195
True,172.22184471325173,103.87272282378343,103.50256855504502,3.9481753263649133,2.992857914068755,113.77217746623317,E40708606325
True,171.69561563546284,103.60045990768151,103.32372190996385,3.9066945099244914,3.170015867952241,112.80492211377275,X83840041011
True,171.5080294970711,103.75793707298136,103.6381652647777,3.9312100350131303,3.112384167496577,112.91380582271539,D08164204751
False,172.30408677324544,104.74263254249298,104.83838053989055,5.707023202075904,3.1370362546212496,112.06953568060514,V44064181048
True,171.8757227269109,103.72922928494182,103.42163335852197,4.09150377323862,2.6951781792896847,113.70421005797768,T95622456803
True,172.00707543963952,103.85133306217521,103.45260420424547,4.174215438275861,2.997481430374636,113.03272423801624,U40234876667
False,171.7572899054534,104.4919801236758,104.0606394259002,5.877880413990665,3.188693142123211,112.10460422541907,X85267228291
True,172.16386234265025,103.88752080875813,103.69989754617072,4.3469608938039865,2.815261569684334,113.20249883624078,D71452306202
True,172.23294887275844,104.2646520997486,104.04244772576433,4.317696453636992,2.7511070590280693,113.63732171522314,K73357861707
False,172.00384808241375,103.9632639846216,103.9022997490772,5.6723127976683525,3.2606971423027447,111.12503340296915,R02636298424
False,171.4030168844956,104.28482798318754,103.94714644267994,5.745407347378599,3.12948472573191,111.82349399449464,D91591574256
False,171.92202593204178,103.97745297764793,104.18354649139994,4.994069163250827,3.432754800382921,111.64061877607931,M86059656288
True,172.0914586532271,103.72690787151926,103.73975414354939,4.332642635661787,3.058954098754424,112.48507178321931,E69911315547
True,171.81864226604264,103.51473538199163,103.59357598763123,4.006082093567407,2.9784165007950354,113.24301231330222,E97647960070
True,171.8132725229884,103.78343642747684,103.75418320381381,4.516866131332889,2.8798075710702484,113.74107734587211,J43299910305
False,171.62372967698192,104.40240949099686,104.18886878796705,5.875400236444802,3.053889330752365,112.90376968291955,P94498298639
True,171.72100352528958,103.81433609237676,103.49581936822653,3.7055408054917485,3.037291728268884,112.95614181520304,S03337356520
True,172.03650666871079,104.21431101682825,104.26852410568412,4.886489054360372,2.873837364306418,113.37666945481713,X74957847778
True,172.1237237698129,103.66941176526076,103.46288866395363,4.187940926259657,2.939793242773092,113.21748374716088,Z68096407291
True,171.97329962509616,104.08922071028101,103.70186474978638,3.8336406780589436,3.183544160537875,112.50081111819476,K24148156892
False,171.45723622294463,104.08931653600158,103.98012031272536,5.237950886063882,3.1383215984044863,111.69851912282154,I16068343024
False,172.0094354760152,104.18938358060308,104.2231823439789,5.321538983463911,3.2202240027133557,111.81235267312191,S36715238541
False,171.74604347429175,103.95460772034701,103.4250195728671,4.971393257232429,3.2825807301206322,111.3587857073543,J17741278837
False,171.88293614987688,104.23856552095198,104.26911906444948,5.06967885355369,3.69307660395734,111.63299608988459,D05971856942
True,172.20436787700444,103.76845672804258,103.45869536057587,3.6824852367716123,3.1816495962047324,113.10065952083438,W51456918839
True,172.14871261883764,103.70435821819291,103.79652901046393,3.5398230485221402,3.2281652709339284,112.89458519867539,V45670204115
False,172.47199638506896,104.26932567165429,104.0825349749558,4.819766943538378,3.3599393756239753,110.79688441113242,C65307231099
True,171.97950599030116,103.86337000568199,103.70383624576299,3.712359900475199,3.1073879741569157,112.64107762203909,V19627071779
True,171.71418952819832,103.77253791102677,103.60923200614074,3.6265714643682374,3.098032057905275,113.68600038574084,A05347832928
False,172.1186483626571,104.31392733219377,104.21568046306973,3.969275615828579,3.3965186811960315,111.10637700280805,Z87841135474
True,171.94996242934263,104.32531326070614,103.73851200031909,4.441049933956962,2.906799888620479,112.60890981283548,Y08253259875
True,171.9930866974676,104.02798850247173,103.69803596342504,3.9137077704781142,3.1949658293425913,112.59436588936245,M79806077534
False,171.75493957745698,104.11694744609389,104.20037309410445,5.729529964022689,3.2538062671593746,111.71057563522369,K46003243341
False,171.84084593924337,104.19907293999144,104.26882156788015,4.9000958535892165,3.6191277475057007,111.76747742374778,A39439704010
True,171.71829818950005,103.82721297206702,103.4578726209566,3.7102902527253385,3.0538345175628754,112.79857937249413,P76908387626
False,172.0326559849381,104.38613955738012,104.29678591263776,5.67431249521687,3.239876936739471,110.90189536299833,G21888272280
True,171.51910662179765,103.73112904017434,103.65946490965459,3.9845104654157932,3.0803791432465064,112.87024333022183,A13729492189
False,171.90256206006043,104.31501372484031,103.95405228916714,5.696587182172348,3.338987352045182,111.41040920889877,G38772735159
True,172.31915274919317,104.02221548125587,103.96654607058217,4.4167694465675815,2.9594263025383847,113.18735178878335,T42617840318
True,172.0327854864461,103.64294376749406,103.67119657627407,3.7483037942373008,3.1753429194217184,113.82735755723283,U07722116410
True,172.12321726027096,103.79169104850169,103.74382557608354,4.347672856007792,3.1000868929552126,112.40669037802131,U66689127675
False,172.01878570741763,104.19077038609969,103.9039399273639,5.096795907169028,3.6042473719934156,111.60022587661514,P15465655601
False,171.68075204690305,103.87665860140937,103.71878524311572,6.023327439336743,3.074205688509899,109.85807665331097,L27984906768
False,171.87208416245795,103.97661237193016,104.2289597563492,5.041355302944144,3.4324126034677156,111.71828229367979,S98958124857
False,172.16091101821578,104.2899215394984,104.16333897155232,4.1135819866052215,3.4408114851072615,111.32434701944216,M55744127661
True,171.79257967482755,104.87639150110832,104.9787112084332,4.626812974988391,2.8881997426317056,112.83766605088836,P79343291050
True,172.44001792662485,104.41863511347874,103.98513908454676,4.173427374465732,3.0534306418871036,113.11093956845426,O30819427225
True,171.76651520417136,104.85097199452986,104.97875688555816,4.517136297230848,2.9191966783527796,112.71781565672795,U64396761753
True,172.07758071938522,103.61417591767331,103.68461033145142,3.8106142792178477,3.1972214830021626,113.98116502007635,U43660867634
False,171.64503504645833,104.0881175528361,104.40685046019446,4.869411320093889,3.655292079414892,111.94541658810387,G92420798048
True,172.59811616334903,104.18675711207372,104.0106888851415,4.45075419906996,2.9437458151628717,113.21112831285114,Q47730016287
True,171.7899108901992,103.69891273318173,103.51458007942504,4.091803303045414,2.920244418863475,113.22396561641452,I31021763242
True,172.6352681394038,104.71445193062222,104.42602541626843,4.651407037688354,2.975058068270985,113.25063285824125,J44158604307
True,172.43102761412885,104.36180283865004,104.01410173052804,4.241442797541157,3.0857684945008703,112.72372296160974,Z36214627703
True,171.54551857007638,103.75407070555777,103.58990457008728,4.126063021902064,3.0783857696157244,112.96050620941705,Z29566337347
True,171.80386739957768,103.7624687814069,103.6495680113751,3.680529964508106,3.104597673452212,113.63247871519222,V30575937417
True,171.50040375473512,103.79302297964526,103.3547216691778,4.406905195557169,2.789822025005001,114.00595019446953,D62024945859
True,171.8574687101091,103.92801506976933,103.48535883041089,4.021644718125086,3.01869210986044,113.16900273361398,A92419342187
True,172.29448837676196,104.02787957296309,103.96291272533755,4.458847333359936,2.9361392226179057,113.23952848136399,G22099240824
True,171.79700243652366,104.11402244822598,103.6991421449,4.295935265163507,2.941127829931588,112.73813105847262,T18330668771
True,171.7610935623176,103.57934576077687,103.3188808003235,3.777304032017244,3.143721757980872,112.79231007723945,R83177849707
False,172.22960934725734,104.16138133514472,104.02644013901248,4.6612051818608435,3.680277863351511,112.12315738810861,D51389240325
False,172.01285448617077,104.46480586863788,104.36553871704949,5.419743672880278,3.385883012210797,111.81778801485571,G88507203648
True,172.27828115261477,104.57595273599462,104.16892345731976,4.44308720514678,3.313611193098411,113.04424252075391,E96195924205
True,172.2051807199599,103.62185864993464,103.66136763075615,3.5104458794252724,3.5072180087039486,113.03742302782183,A28527187653
False,171.69699221493312,103.88637860983759,103.69587423242736,5.946393903501904,3.076624415326935,109.95737703761925,X28339550540
True,171.8890771445167,104.31161348797987,103.81462234442533,4.365255882350285,2.9275872185264955,112.586355555727,I53832437357
True,171.94897832197196,103.66388147036695,104.15393939985942,4.40588171715259,2.975422405754224,112.97624509250124,C48778337172
False,171.89899934151083,104.01833942205025,104.24749426981558,5.047405306129135,3.4152597888538883,111.68499225221304,L90058523198
False,172.39106543484326,104.51674812314545,104.17093681076265,5.032105232373076,3.5316946736704193,111.86057618623093,F85535557100
True,172.11695798673423,103.72100054378765,103.51660924816672,4.591655502491876,2.856929720433946,113.38321673935651,A50628406570
False,172.13302825369692,104.2502046066286,104.44248345380697,5.260091885385577,3.5940796188784856,111.89094177242669,O82376446949
False,171.68641423785706,103.79040871642592,103.40747225332971,5.116627883750354,3.3401815481773856,111.34884570549283,Y65861152164
True,172.14915099120296,104.38221761094667,103.85972820075519,3.8172113913474326,3.3533305327763205,112.57231497265455,M33214865516
False,172.01020232403573,104.38884815282269,104.15586824107801,5.628362302169331,3.4203177187347387,110.84939659790854,D04058260604
False,171.6177251659012,104.2229430127636,103.948862376897,5.444286773604138,3.4476330899879524,111.38981845128063,F45685835122
False,171.70538785336598,103.87213269698825,104.15227964816842,5.497137652431024,3.26186179352914,111.31865895593245,T91379583432
True,172.0519967312623,103.68696320118367,103.77963146862021,4.2407884394318405,2.975462590981142,113.4256407669946,I62563140794
True,171.67309203380975,104.16433387976195,104.1694818211386,4.875355891756015,2.943627696013522,113.57777793946205,W10937853653
False,172.2699253005729,104.52311222111932,104.23835048241848,4.6649120242221045,3.43241688444298,110.48024561845511,N54841421565
False,171.7921731309234,104.08166130149084,104.16042615559037,5.853269752531401,3.2884790271603843,111.34670121080377,Y84787928784
True,171.85258274896415,103.43898646810473,103.54289123585438,4.045798355009216,2.959140687341347,113.19307012997454,U77211724148
True,172.20552081672074,104.46390553518395,104.00204204480188,4.516086999267965,2.8751209090128875,112.6989638193555,U50009112403
False,172.4831287576431,104.11873723669379,103.66139318576349,3.725419885153851,3.631091371338808,110.67329823275026,D06584884629
False,171.41583416186208,104.00384915418809,104.26087867623153,5.5382083337877726,3.38204315547435,112.71407713412442,W14082700045
True,172.4902854122174,104.32744841370666,104.08181383426196,4.3114219003055,3.0571419375860573,112.71758624226543,U13307800286
True,171.47166940880942,103.75151608792478,103.66880252814393,3.98422631765629,3.1068158436725595,113.06433200928267,L42554265406
True,171.8298654879332,103.77456903555418,103.62846806124554,3.7742128854325205,3.1012601563179714,113.448432332059,I80314984310
True,172.0129621699438,104.26545573085588,104.24727820343266,4.871210469263883,2.8966153540973045,113.48373737428462,X15564235124
False,171.68129917311953,104.17133441713037,104.31100093874548,5.618472018072394,3.2385726781910824,110.46211975073393,R30724445505
True,172.0335288560437,103.89111670194816,103.408130991565,4.343730710888421,2.979160428477934,113.0528055896983,G80038724999
True,171.89193464673906,104.31892136862359,103.77231416786718,4.450750051343451,2.937412777004096,112.55072330969593,L53368760104
False,172.06230957638593,104.1557265483273,103.90627255931902,4.953001975403466,3.634447849482345,111.53702825506407,E95427920502
False,171.67270793335314,104.14234121556927,104.1007707577711,5.343136192686352,3.31218936526656,111.61846358733445,Y36712759368
True,171.74989605697007,103.78009448379002,103.50796021817867,4.1926943125445275,2.9243702278245696,113.32202731029692,I79920343090
False,171.9192670803839,104.33369076475313,104.04966823807892,4.865382294165872,3.0119069294652414,110.60342016409679,F02902826190
True,172.32475152135072,104.11495161608744,104.16038181080826,3.7830593215716006,3.23075180649292,113.39897618789622,P29914228974
True,172.22333899905124,104.27768402171546,104.355403851901,4.203597133860019,3.297667909477051,113.8972702996379,E53261766794
True,171.76571794712882,103.66165630633627,103.57019693639373,4.240851351723691,3.0867807370329223,113.51829642041419,E70337025022
True,172.22251565522583,104.21818092032647,104.44285282872225,3.9954814168976376,3.265784460160189,113.8536233859771,B89021746303
False,171.69802303327376,104.43101387843198,104.12177393388474,4.077825921556316,3.651797237576208,110.1506767889926,K12006428276
False,171.61345204785414,104.14588106394677,103.95218039489684,5.8119996106783525,3.1769572579857988,111.57477612897193,G04908687251
False,171.79460543864857,104.0460325764486,104.33323528261973,5.052999531562828,3.421150946145607,112.03548851358448,C27033238454
False,172.03069330040722,104.15984107620572,104.20305644235576,5.209065240398461,3.218276959212544,111.89456171201935,S09572084314
False,171.6637085355407,104.18546113777927,104.37167882765497,5.3335454235721595,3.5708330309332914,111.95015310683111,M02885144769
True,171.58005654329094,103.62181760507207,103.4460452029112,3.581888545810429,3.1685768665458673,113.31108630300052,B23758661300
True,171.75602095402525,103.79101232204121,103.65692360714796,3.8238655582608625,3.0805849919841726,113.49627490650809,V70343965388
True,171.63836453995435,103.21553080899335,103.63578555917464,3.94791585808891,2.9808788441851,113.63287260298651,K92865227023
True,172.00621587713022,104.26539273867863,104.29109301253959,4.984559285662208,2.8959958941020734,113.40285353578946,Z08287757964
False,171.41258976371276,103.77491394848612,103.73912571952074,5.201485296000057,3.4643823629356114,111.6323210716955,J88428970337
True,172.08816007638396,104.11907397770199,103.91027172106712,3.9408788614791677,3.3425842732763944,113.053738455474,I80260403384
True,171.70620726038362,103.86965857393349,103.52613271210019,3.8478959320342283,3.182546737949957,112.68315632872361,W97965175054
False,171.5304951570898,104.13525018607973,103.87689199239294,4.944499004614208,3.601531210700083,111.19049932693655,Q41741295458
False,171.56154640138666,104.19175172313463,103.83704703444094,6.2044677052190345,3.374479113110279,111.48357754842131,A87289061534
True,172.34527303483583,103.85387129271453,103.50391646268929,4.033441637854948,3.2081285372115516,113.38958208472842,C20323512492
True,172.20140180115249,103.736162137767,103.27998192753607,4.404644823997482,2.8681409712640282,113.16975532287981,V40052308570
True,172.10353990044257,103.64700945866612,103.36673583681369,4.156889301335264,2.9566520848484834,113.06918463605057,O03059128746
True,172.10523856501885,103.82508509602357,103.4130615393158,4.19180625328166,3.0096898631833575,113.08704903461592,Z18930390119
False,171.5503383880403,104.17579259973252,103.87705423248605,6.222118129309056,3.3950146903061844,111.43900507041424,F13769789815
False,171.867574373722,104.38084613777708,104.03121180179043,4.906973101172509,3.044799415524675,110.5820142202466,B71636887097
True,172.4373138954293,104.2120957887196,103.9316188669176,4.1031444343491295,2.9706091341548695,113.51030568670551,W17753646524
True,172.15840571422345,103.62823956633636,103.68981209094207,3.528164791704999,3.4922287973685835,113.19150530246972,C04200097726
True,172.08998405645428,103.99442865498504,103.98581678812893,3.638206067077912,3.1601863976689173,113.3139857380796,X93354079583
False,172.24621369985505,104.15502375014005,104.05626425635495,4.536018425667209,3.6725344440571255,112.24192860165836,E19816248959
True,172.07381510089505,103.71215353595473,103.75572563376873,4.388209565259205,3.0733064771847323,112.38734994420443,Q77939008553
True,171.17088412577021,104.29095871383072,103.15193721783814,4.253451926831991,2.9330615440989622,112.7820120742829,I65082217889
False,171.97385804815818,104.57299931062438,104.28506405469732,4.693349522234595,3.3656800254591137,110.70228722864518,U87421877727
False,171.8440042254925,104.25437627451802,104.29562534895322,5.151106312137782,3.7122363146169337,111.69775541280494,L62366259870
True,172.00156700713325,104.31605850776596,104.31846613227694,4.521242036134076,3.041148220097875,112.88916836826063,P51751472742
True,172.0116002009743,103.72766032423601,103.50636937095419,4.387064029511847,2.643222295096437,112.92449005672269,Y73278111041
True,171.8098706879898,103.90227683437499,103.7478581922362,4.0085241724046385,3.082575644049887,113.23922993413295,K42806712606
False,171.765434781863,104.09523921799281,104.23768916815834,5.853359885830151,3.3192795125913737,111.21334962555603,X56816069104
False,171.98338360646923,104.22565898898429,104.20774337707518,5.079513672501445,3.2690225974624334,111.71905791537999,K05659558695
False,171.35380601001114,103.77912563635637,103.71415827505363,5.226133802464151,3.3826752747863007,111.51419209943977,S03199452698
False,171.82355744384694,104.11403461583883,104.1422603988827,5.95202129866016,3.3401243738216615,111.87706332288397,I47007126303
True,172.1316678385066,104.04663294046118,103.9456936239988,4.096767418500594,3.2427017091440162,113.11494514837082,Y74822157191
False,171.99665007170182,104.28562560921549,104.25171316207665,4.587704323311442,3.5038139307629743,112.26990833888858,Y57571347105
True,172.53853749978003,104.4455167448523,104.01368068313782,4.053919003925332,3.0473372915702353,113.09514701921492,F29884307977
True,172.65334492170658,104.22195272970143,103.97971877318196,4.497171037365813,2.966008172865768,113.3348341718845,J21991183771
True,172.15008579255658,104.2693953318707,104.36723525100955,3.984105409608804,3.2734587070595453,113.87799950943713,I22131302500
False,171.7955787562461,104.4056675260027,104.17901628407876,5.389304781992298,3.3247257304779336,113.7406097663827,P87469345249
False,171.7245631718841,104.12067720748855,103.92229104881558,5.649704048458361,3.17437849323041,111.48762536242279,E97412072914
False,171.76050261810602,104.50346177837733,104.08861418590975,5.891442295148329,3.2020775836254707,111.85632258360059,P63223687654
True,171.79410905105462,103.9643181059462,103.46184955537936,3.8947227888047857,3.001590507362454,113.08114371908361,S95673482236
True,172.50946227219796,103.95946903606672,103.54647491829353,4.5279798101340125,3.094198681958886,113.0746257703273,M01352461512
True,171.82701807286222,103.73967869420262,103.46422811179598,4.517257273206116,2.788985975443419,113.30556872427334,U28852196941
True,171.65378464566783,103.71480807890642,103.76420834201075,3.9824178158060723,2.9136217241845968,113.1652428565636,A55818354447
True,172.4376608929358,104.1624370595238,104.01564967387576,4.054601666662298,2.94621412257586,113.6213932134352,F80346582631
True,172.02445353413648,103.88857666485997,103.77509424027009,4.629910110558224,2.721209569873104,113.37554851266968,N33996832097
False,172.3782993542929,104.52992956748737,104.23163147339751,5.132449816032299,3.5064433682770026,111.82149950519786,K16584847462
True,171.74277161309624,103.88006042017018,103.49980046537107,3.9195385114413126,3.046743712014583,113.00996419799964,E72626907841
False,172.47711834174055,104.04805007121553,103.74804571769945,3.9009093553523093,3.6476465238483486,110.7518617109155,B28781030668
True,172.13209530839742,104.4520999040587,104.01840396660744,4.496394964022856,3.1988470826347184,112.69549300826063,M37509212391
True,172.0025059561218,103.81395408279852,103.38160310899518,4.137622688031734,2.994998011587422,113.10209225155485,Z46741276483
False,172.3010740041497,104.57529313566342,104.25722899140659,4.646885726755388,3.4434717895942204,110.33065053953786,M91039221882
False,172.0094924945239,104.48114846265254,104.25115511898953,6.074598749869313,3.0384587376992753,111.26226286602594,I11617824632
False,173.01101054001373,104.6273007710743,104.32854088437043,4.840469316651796,3.033138976148695,110.98154397141447,H05448712178
True,171.9668650728305,103.9368459581278,104.05211899794597,4.312642946889505,3.0027936910254676,113.16083854822963,D20761613701
True,171.79079869158855,103.75692696752324,103.4762700237272,4.614222329706067,2.7593528088885533,113.24655527072025,D06668598460
False,171.68666594301465,104.13516104027465,104.34645050382215,5.279599238059103,3.5650248915463765,111.86863931814631,A52444583622
False,171.49491084475798,104.17900592980754,103.92870686784703,5.034677153720751,3.5825762301138866,111.12437446556345,Y85270512637
True,172.1217499524718,103.97593826800507,103.69632464620662,3.5438548395003657,3.197559743834479,113.73001995570957,A43553629649
True,171.5242959875416,103.66373398573342,103.38194232452717,3.5058918468941442,3.1889668225027874,113.30027150282903,P00900470697
False,171.4174136674065,104.29481420102982,103.91890338485119,5.726953970623868,3.144798362124178,111.74955034192749,U76955435812
True,172.05015557213747,103.8638375896661,103.38637919402555,4.333515429161814,3.0034614155647588,113.08560742830136,Y39688889833
True,171.82624031166935,103.72285113266285,103.67792185668397,3.712207858019003,3.228236605550838,113.45744716719004,B58459706657
True,172.16971136278312,104.32546350981224,104.1836618327617,4.51370131660951,3.0322509052967264,112.54682950042826,D99931246318
True,171.68679518332038,103.85097333424662,103.53799559439982,3.943988038013218,3.2062791751813307,112.62048862179554,Q74532972240
True,172.1101119601722,104.4399236583149,103.87020995747113,3.819322055594554,3.3086557396504483,112.5570243948648,V73143912894
False,171.67505295648988,104.17856445529262,104.33000996667607,5.630779817214618,3.235727119205061,110.44091162205423,Q48582485817
True,172.0345264428223,104.36204085468901,104.26298880885248,4.492028055132234,3.0487929252885584,112.85332967729111,X35612141594
False,172.00083299142096,104.43797743781569,104.19311567393797,5.491659007963391,3.4552422321800282,110.98809284135726,W08816450045
True,171.69012935106184,103.74113460566763,103.73494854436507,4.012048726290897,2.8777524342141443,113.23732428670455,S17945991174
False,171.52234903887734,104.04678496661691,104.0136054162119,5.785128196988648,3.1689988800585596,111.83737542080539,Y43092330567
False,172.21709503924058,104.45486488879821,104.68100511195703,5.299356857668833,3.3453630118550364,112.19581001723175,F73879748819
True,172.21169851815958,104.48516413695549,103.99814941665801,4.174010244157869,3.1923555303302673,113.21242646752376,U22302272364
True,171.94311959545516,103.67388427973879,104.16547146900236,4.297236949982248,3.0385758847879605,112.7629969962127,P00534026843
True,171.64463420446347,103.8610916107128,103.57537945377345,4.009737216878637,3.026887571091928,113.57789340953948,M59058957897
True,172.0715168274438,103.94207873381667,103.71679556099447,3.892188971964533,3.238319126617931,113.4209575270598,O43925720594
True,171.78338075732498,103.73659599338679,103.47716730039485,4.735174675583476,2.791312882451019,113.24906238604449,I27568302005
True,171.53491233455134,103.25602170875229,103.56695650380976,4.013681723657333,2.9391627193111183,113.64975592516552,T98203828508
False,171.68400101244254,104.18537224107614,104.07423340225661,5.341552637068957,3.3262903439993954,111.53215663028995,A36288429646
False,171.5935675162244,104.09787013984533,104.062922049332,6.209925219078081,3.078329006436742,110.62375414004359,K30031313379
True,172.10020306355008,103.72255050649747,103.8004090945528,4.302523230525053,3.0828814986970077,112.57166217281447,W73049598888
True,171.58173122308807,103.54335992080472,103.51440357746421,3.8181766216561464,3.2326469000080245,113.33778005573114,Z62535670038
True,172.06081796366024,104.08992531436185,103.92053473100789,3.930080267745801,3.317484947715444,113.05246686295503,Y40653983538
True,171.91116020463338,103.65731288148842,104.2225405671347,4.332943236180544,3.0406352492284134,112.84659811396514,J39237696318
True,171.7756116645389,103.63703024159845,103.6427744499672,4.198298947021363,3.012529877861042,113.73796796783529,H16470060372
True,172.16624174188757,103.6772749137533,103.6674616256811,3.670515832003474,3.499864806161971,113.26460511644912,U28073780020
True,172.25846227667103,104.59344837553694,104.2029964908077,4.306908181638739,3.3380368850523494,113.08730815416847,C86725160769
False,171.68749833252372,103.90319428300673,104.11302065358645,5.345178255164533,3.3427856536481575,111.46878549354125,V72196671377
False,171.9619283591265,104.35620313148199,104.09204529074678,4.903096817112919,3.065518574175354,110.67646822032069,M55010379857
False,171.9503990799227,104.55222384208085,104.21958966374294,4.768482354845043,3.392004116594167,110.6560047530207,F26165998348
False,171.7620442653574,104.33111241952054,104.0257623896514,6.033365148451085,3.144076284122957,111.91124697804153,E55764238139
False,172.00332914232786,104.23486368230702,104.23094552991527,5.20150875256474,3.2190161132243182,111.95805955534377,V25451991015
False,171.4602636276882,104.00283772902245,104.24378376115553,4.831637584772158,3.4292983980137994,111.87846011197553,V89457387738
True,172.14258986175673,103.68033312650073,103.3844538212917,4.21749561677172,3.000314239235335,113.12086083539751,V92811032175
False,171.39882275767164,104.04751682960271,104.20705286656825,5.559957349755289,3.371195795233092,112.81128544674523,J78408116320
True,172.09379440189,103.9507765885063,103.67877514320436,4.307730555864775,2.841480556139059,113.11223136835432,Z71332065150
True,172.21795388053317,104.58458332504215,103.97229023406398,4.179700118780331,3.2205354670807473,113.10618550362483,C59080866578
True,171.98134769226542,103.69989673777323,104.21995143557263,4.160833400288606,3.0109592896481554,112.7250215939494,U97893482314
True,172.16462615119354,104.58482846888178,103.60126979387515,4.052363116165158,3.283855153499429,112.82525982870497,F14679260826
True,172.04962772873748,103.61330690704293,103.66130809387181,3.9387578934130434,3.229621730057484,113.92077068567626,Q98355717389
True,171.52369386166802,103.93732790961438,103.5922151924857,3.91941459408331,3.166644832553898,113.48735722165684,E84497697510
True,172.29015378298206,104.3194910201043,104.22496221092254,3.8821867459682924,3.5372627321116,113.5444275889799,K74037530163
True,171.58056444346497,103.66192243000997,103.41406063815994,3.48934782889836,3.197088091666966,113.35939096379795,V86242843796
True,171.91668248074149,104.32181117115651,103.918121741273,3.619498790624641,3.3651814873362054,113.2267312160724,Z99334797507
False,173.0492224693349,104.61630576114301,104.3007797218858,5.019750736753235,3.070820908585685,110.84689700714742,V41155909259
False,172.03900989942412,104.1670863456613,103.87943035440323,5.07837461764141,3.621819856585941,111.56808706655666,C83284400507
True,171.97156115167067,103.73226414674401,103.50170333783876,4.343926757864451,2.705181650104805,112.87866244796435,N94005768126
False,171.9611682338293,104.01561767958381,103.9427568174797,5.585065897341334,3.2501004102912616,110.98795204894057,F72441501125
True,171.7555771518239,103.76902035380897,103.65484473884997,3.6321489110018534,3.03806872227245,113.76886982750506,U64393703736
True,171.88240050991945,103.67820884547507,103.53167424427498,4.754386469109387,2.760320345564685,113.36545331447802,F07072869669
True,172.03339680357692,103.9857864217902,103.6230264042642,3.7964457170856942,3.165260226011194,112.49135800582677,E06338815774
False,171.8343876418048,104.17554964421514,104.30536901935243,4.951262228854256,3.5729227575928033,111.45419333802366,J00512474444
True,171.8402398819947,103.76433762813033,103.75518543300258,4.497164107440255,2.8774653897288656,113.85598641478266,B40492484686
False,171.8553468602549,104.21388593625228,104.33116794785106,5.195739349452396,3.6493425709446683,111.59330986994715,V76304744749
False,171.41314806399865,104.00828062390232,104.23417696866179,4.897691822139279,3.450384217906877,111.98059036477483,S33199752188
False,171.89583444519255,104.38012096465415,104.12086227803499,4.892098737351676,3.0190082296120426,110.56271182831142,U15163186690
False,171.67704995203954,104.36887780723205,104.18899096314644,5.87164294702926,3.0801268898653573,112.89526788154224,M00128849883
False,171.46546065914288,104.23380854856687,103.95619516657104,5.800561367388332,3.1783933426911055,111.80679173240809,Q32558504195
True,172.19531982506837,104.33418867871667,104.24390088959196,4.734683997983522,3.0422291796597336,112.45370439340351,F94145700601
True,172.1878421403316,103.97768859104407,103.98341603559436,3.6933506867279844,3.1405694741855563,113.39785074481502,X70449817520
False,171.85164367795826,104.3010005234456,104.42760046073076,6.216380016953395,2.9988704270248125,111.06203322465211,E53056301313
False,171.8617701353286,104.3168240872786,104.44856122799938,6.205305178332527,2.9990062682653513,110.94372171140299,A00084573813
True,171.77651344291326,104.06188198128103,103.70557246485251,4.359089556873511,2.9571551168993557,112.75082507057937,K07167520233
False,171.40828811916455,103.9859143505679,104.20852015080494,4.8633582660558865,3.41900256621617,111.97249736144208,Y22792534361
False,171.83440293785372,104.24416318961342,104.25468430809836,5.110097395914071,3.6970581576100505,111.73909051634449,F50482106767
True,172.16334722110864,104.06693710504841,103.95922434663505,4.037758838424419,3.2180116872448012,113.12789980469611,R00988216520
False,171.67596761042967,104.31561817813142,104.3856360181267,5.5659322181777195,3.246579535197894,112.28223081472264,K12880607775
True,171.6243311763884,104.15075583487003,104.11358675938907,4.699927666836242,2.9514054374355636,113.55761621537467,Y92940529303
True,171.98394081887707,103.92895669451127,103.8842205628652,4.262503743493256,3.186597463452677,113.12899228263552,V49895362712
True,171.84915957903158,103.89928408846735,103.79639133995093,3.747363026744358,3.283732089337023,113.53804577518196,D82804136354
True,172.17471108667402,104.04069607662285,103.90076493420077,3.9381347890611442,3.3171524879805614,113.03803651509457,F52252381112
True,172.32137428785435,104.16290287705182,104.14303905750727,3.872920798095546,3.2464418542376436,113.46545631126838,E73286050916
False,171.3465535940131,103.74320394559564,103.62885211225522,5.246581868747536,3.410817765513776,111.30686995085968,E59214111011
True,171.88638762736485,103.69056755246802,103.51971904227373,4.588703898653304,2.7646061372528727,113.21858556483318,V32794580261
False,171.6358151735558,104.22630692078425,103.98440963665298,5.476181058117946,3.4493655339452056,111.26820396045281,X39303320591
False,171.92782129023374,103.89411767055226,104.01117499343567,4.843252257391819,3.6549607839561524,111.44909545272562,Y26391251048
True,171.55630297277054,104.07540220989067,104.03915198193084,3.9389875635727547,3.2470492573406666,112.8350699136079,S99012456172
True,171.9794084350138,103.96933012865011,103.82940263174196,4.117642672094793,3.199639147981939,113.10811565643182,P33493042093
False,172.0208645425752,104.38156221374493,104.1267489213012,5.596803218747283,3.519863857026811,110.9217788244717,J92903288454
False,171.8140984962148,104.36886592506664,104.11725404173399,5.392454290536349,3.3125139803737778,113.588376398769,W62085437541
False,171.64789132813775,104.17612382877863,103.84266562642279,6.162325811873036,3.382099348261731,111.60863451224931,A97895365485
True,172.16225991605603,104.28443635457057,104.04137506289635,4.167290780326984,2.796448184497968,113.67858146786584,M69566763229
True,172.00412446724323,104.06343388220166,103.65246676783742,3.9986372856352523,3.1708824465509617,112.68195248651068,E51178189694
True,172.18239141868506,103.96395480344736,103.82355757836491,4.320043141660304,2.854423192671703,113.03328615866423,E30566158220
False,171.78962841803386,104.38289308823549,104.21227566702512,5.459632666051967,3.3440712704787168,113.7925838910423,I17736633822
False,171.88464964894462,104.30566637320011,103.89525220593745,5.520105014198055,3.291988749500838,111.67423650897,G20391965213
True,172.35409811773584,103.53218335376646,103.80793792087103,3.991172866030892,2.889319187751113,113.34318111977719,B38570112382
False,172.06094892060054,104.20394184954591,103.99471044827959,5.3723649879706095,3.2630905346052037,111.94188327581698,W12451713725
True,172.04460968112625,103.74366146452867,103.77448784455383,5.018479084141925,2.259218770297696,113.54768308885774,C90750951311
True,172.50386313426958,103.93736791661394,103.9228140556873,4.5779721521600685,2.858216729259389,113.50532580785126,V25806866318
False,171.9198059458301,104.29372507657877,103.95741843218461,5.906131853859992,3.1226050379897092,112.32025605968913,W02309449122
True,172.04290612994922,103.63781561410126,103.72490104295093,3.8849701645154506,3.196041676665323,113.81876731263111,A07485498497
True,172.18377285851355,104.60816550444012,103.6608404161753,4.042591798553994,3.264970546832112,113.14208616875025,Z86841550921
True,172.1368569848153,103.78043439647517,103.7846027374942,3.5633390441177575,3.2356283187917247,112.9033033575283,T48644258759
True,172.03837564218358,103.77632822373133,103.30989353512923,4.2911379187852035,3.0573877258454165,113.47490596517899,V81991081988
True,171.8238415798303,103.69835576269995,103.64078642684692,4.1147040392972345,3.0469949660114133,113.53341253160521,S94113344163
False,171.87942747235294,104.02408898807934,104.31029816013074,5.04465994129901,3.408423983714813,111.83403951688673,A40838382022
False,172.3165625792312,104.64027177336477,104.74752170967622,4.852427824983296,3.484264583559906,112.53826430866022,U84021952761
True,172.06520599290266,103.95822133999397,103.81106056348206,3.778299881621122,3.2664863166015845,113.4635676418362,R30344639963
True,172.04616886748033,103.680640508474,103.75963996440069,4.194878211476006,2.9830263010514146,113.57414241046278,T58116309259
True,172.55927826709757,104.01043106723294,103.47466537671953,4.481597577510752,3.0858801228346917,112.95026394364905,J13027502273
False,171.4488531098333,104.09792089837688,103.94283349386167,5.393918632566372,3.1234951311583257,111.76408088710932,Q51907967719
True,171.63377337631314,103.88167621701469,103.85564968763367,4.53721184428296,2.530618517846979,113.24703934952615,L20274864601
True,172.206945892335,103.93507795174365,103.53377473073452,3.798013876971656,2.9870441888146115,113.55931518982734,P74433922848
False,171.6072074317476,104.21452567590957,104.01635139733561,5.505583510226578,3.4471845101850334,111.3395007921835,R17923043945
False,171.95285552840102,104.29108163856638,104.3486057381813,4.73105368960357,3.4316140097654433,112.06891119681936,V18914839414
True,171.5835494607155,103.66480381120478,103.40315755513836,3.5644233482180265,3.2039084827523596,113.47201954122376,Z01879777765
True,171.93474028650195,103.47576373005637,103.72244831021563,4.062365955411922,3.343293249854591,113.4929483544604,E61669549579
False,172.02336619069067,104.4554541015028,104.2573947342661,5.7629143907583,3.234254380867594,110.96349690472678,W44514913959
False,172.07111557169054,103.98043328536967,104.30390370989811,5.816391373622072,3.2100274962851905,110.91938245419885,S44391519771
False,171.45281662424733,104.32268720652327,103.98706930227377,5.662352790693098,3.1750751277064673,111.79403519741071,S92548199991
False,171.94769538675362,104.45379159154487,104.33082390157159,6.035447514249682,3.1103983523831706,113.0435382147307,U87089937478
True,171.0470162400024,103.79272776422947,103.63357610568934,4.182109744352403,3.3725073335540494,112.7708266642437,H20384947364
True,172.01619610482157,104.23962742689928,104.23003080068301,5.015611936162049,2.899432450153897,113.49991318062392,E02329368892
True,171.0226414481938,103.88486030007226,103.62349118113146,4.288785492856077,3.3794041256519027,112.71391305581507,N93676155097
True,172.5540237880224,103.97260065769893,103.53444223182436,4.485171209171964,3.102929376397448,112.99267747880891,K36781603242
False,172.22009445616092,104.54405017158338,104.22893733887706,4.696278213586646,3.4174304851234223,110.4770903124831,Z87314048067
True,172.01478139567624,103.91871545557656,103.75048487277282,3.839470274114513,3.212102692274559,113.29873510693565,V45178162324
True,172.2155873065356,103.7294673594335,103.28109493199075,4.504945866506887,2.8449334249253444,113.4322691837966,B09106119003
False,171.96115221754232,104.23460069876772,103.98392121533153,5.912880285959407,3.1249797082395676,112.38562693584208,Y71357135937
True,171.66469612301904,103.83338911422896,103.5712275302946,3.9872702820901207,3.2299717760760847,112.70115322655121,O30069252786
False,171.7749405634419,104.42363623551046,104.40822839716839,4.8632235538499184,3.070037129454904,112.07937685006925,H88580178645
True,171.82006807308142,103.91158343612808,103.79560266877533,3.7631234785801237,3.2697616614718816,113.49531177010384,H60242498739
False,171.7510163225617,104.32487106539406,104.34632157241364,5.673158102466399,3.256505586439498,112.24900288699519,A25032650214
True,172.15826724823393,103.91398418700778,103.74275648975177,4.3530665735558784,2.8244206966016487,113.13485115170324,H08759151223
False,172.21198488498214,104.14976331632019,104.07251863046486,4.472854845196598,3.692612164588335,112.1996996596309,T18308410543
True,171.9891331541995,103.70184376069409,103.53204154234218,4.3961660443633805,2.6669212730286422,112.70206102099961,Y82547579148
True,172.51258798828263,104.00635477374688,103.53247389231882,4.4234853975984905,3.092790086760109,113.01932636589166,G02607144650
False,172.12433953508284,103.97429142896243,104.26802706643676,5.733475809328571,3.1748135005886136,111.1603326162538,B12932718125
False,171.76688655627197,104.12990210726466,104.1694999563139,5.736473213408712,3.2508660429538816,111.73747931717352,O17835970349
True,171.53527423704318,103.9183512831764,103.64216680697976,3.8364777711969986,3.1745210776364696,113.57024668002354,Z12116978064
True,172.11881997614893,103.9754416243456,103.6893242539468,4.447608578852505,3.0990855303276934,112.9651188066684,P21649790936
True,172.02413715156814,103.68163587506247,103.80530010411239,5.0396627498065145,2.2859794286082713,113.58844040444966,W61636215471
False,172.28985302885573,104.71916026370202,104.89731561407476,5.690270405057646,3.2220626027569277,112.26948561794829,F74531619611
False,171.68358824187914,103.90336889438413,103.72445404289444,5.951004749234131,3.0192744759751524,109.98024169542123,U97306860816
True,172.13631566507863,104.05287067490424,103.97044339397132,3.5913476625209317,3.1287411987343456,113.39579700870605,Y47903742576
True,172.60859804756154,104.67030956608401,104.44558839303002,4.575354750917525,3.0340335114437926,113.30461591211733,T93503510303
False,171.83933161390306,103.96490481421853,103.87734450512191,4.6885843191723815,3.5803142516539213,111.85633849219839,O70686719655
True,171.77223460148622,103.78733673919814,103.64472074079283,3.563864376553739,3.149127852841098,113.67502325693057,R84346452696
False,171.41000437158206,104.04108741472685,104.17779545311797,5.42896478402694,3.37549339755701,112.69205132561517,K60302451507
False,171.58189659702865,104.34485973549661,104.26964133407316,5.801221373713832,3.0941037044714483,112.74783859660093,N49811649859
False,171.83730434683562,104.39981708516504,104.46847968991231,6.222261135887636,2.988197417136946,110.92302658771567,O95205285802
False,172.1633688139807,104.222481831935,104.08067680683597,4.50373580708485,3.677841148956964,112.3943848462544,R96463367314
True,171.7853093731648,103.52882531645206,103.24625624214202,3.9711455838919676,3.125861212155682,112.8180858495546,X76565432512
False,172.0197102584719,104.38250028223973,104.1535798712153,5.301588104084929,3.4611336441717104,112.14743630830925,Y42872597476
False,171.6427927695676,104.14870503335794,103.99495745207068,5.687182237477764,3.157313276270446,111.51170279770075,G56712985348
True,172.0073985420688,103.68196278614562,103.52223484773089,4.512080988328957,2.6827580374028495,112.73288745252118,X80356995284
True,171.95221348375546,103.9123810560282,104.03911657705345,4.427973508706396,2.986368492768585,113.03390870317905,J85948865736
True,171.7408527991234,103.81139508599564,103.87483087304987,3.8686857458063857,3.1252285885095006,112.68895586294492,U07702019132
True,171.77861056314015,103.87923347033282,103.87277376890923,3.946634378446334,3.103015759911645,112.62255455316914,F60822095807
True,171.7145726043201,103.58886988302451,103.33274111748442,3.8359832476452707,3.1249114504874713,112.96249491601235,D16836100528
False,173.02402143419644,104.58807759798161,104.31383312491481,5.04841452369195,3.0665828241123814,110.7882556930622,D89852583534
False,171.76263595233098,103.90221647083436,103.4755822434172,5.105647278773893,3.3123413096658125,111.48911056650229,W20634946921
True,172.29181539662187,104.2915013796206,104.24753096725549,3.776177139064461,3.501507184139736,113.4919831916306,N74562227677
True,172.3402548253231,103.82305300897373,103.54052045809168,4.061781757481311,3.1716322325907105,113.2499696190304,S97495227039
False,171.77558636204066,104.19321975084168,104.18654667217223,5.7150840805007945,3.2302469762742554,111.65356368192636,E35738455451
False,171.43964150773303,103.9673123406875,104.2154448504022,4.956934291768412,3.3792818513964034,111.90629884965693,M89341574232
False,172.1302335159257,104.41413334983572,104.22752033414498,5.398693918945042,3.399979150962592,112.26855891717574,Z03950615986
True,172.2472903222888,104.55090618475138,103.9326137766076,4.119666098512114,3.1926673753523573,113.27220166665383,W63925021446
False,171.39503445790987,103.78984378866015,103.68445411755603,5.2491776321383945,3.4161797252082993,111.53665347220172,O99899788855
True,171.79902496933116,103.72088561978752,103.47633757184137,4.194419975604243,2.8994640376686913,113.29102534057267,S05259939190
True,172.22106454118818,104.10235094429683,103.81484035877675,3.877154081736403,3.189161057729747,113.73277731064702,O59492127514
True,171.84521391685965,104.81100508952258,104.96974696110163,4.593089220414489,2.898077202195688,112.8088289432267,F58011513521
False,171.67184626184195,104.19239743231942,104.28078705832607,5.684103520619892,3.2246115248036147,110.41060169475136,F15925468811
True,172.16266107644606,103.94505715825177,103.62283817179755,4.032285202326307,3.0710260188425704,113.06745028310061,H07233415630
False,171.67685641550338,103.75539045268714,103.46812627884646,5.094198307410009,3.3157851074159597,111.45453511784996,O45465356096
True,172.08979248130174,103.63586582975235,103.43462513561536,4.14685746460665,2.9805419731756313,113.12890526182919,D99520973499
True,171.76009450290175,103.52847349979874,103.26928529310933,3.9893879256812115,3.1149277934985466,112.67388580746419,Y56588779294
False,172.17967465334587,104.21864038791072,104.47469008961015,5.173861940815963,3.549559841662067,111.89697183149609,J28551806408
True,172.0851662190681,103.97767541088184,103.85337031699605,4.382603936487626,3.0598287900078356,112.91186617116368,V84340583970
False,171.69774598175604,104.19002519610486,104.35463670644057,5.267694178361645,3.544903512229106,111.89521076841994,K56547322820
False,171.89903338168324,103.91436632290188,103.93823529766824,4.753739078660295,3.615053974407351,111.4712641867977,N46981214325
False,171.55148518957557,104.20933288684071,104.0295655096071,5.547195763752935,3.4589893228105613,111.1720196404016,U06715406118
False,171.54529863273376,104.15164895665171,103.85196244362731,6.192400144230952,3.394951161411419,111.54919965760786,A93840044400
True,172.17276608184451,104.0347516280345,103.93284042387427,4.00618861275183,3.246687357611609,113.06294235656036,W90110702048
True,172.1381308586597,104.00406685813238,103.58544395730536,4.063367402606932,3.0874490501417933,113.16853078401492,T49190450098
True,172.00051706188896,103.72898350023756,103.50392942294809,4.433052419271816,2.692523084499857,112.74108791666437,W26857897543
True,172.53263871045345,104.45404872012628,103.97460202620965,4.12229453697737,3.0389925231197648,113.15834874938646,F29259338601
True,171.64090946996257,103.86341473966377,103.9458769036891,4.593007793950924,2.560517541289877,113.1534428843902,X98930870807
True,172.17406269840814,104.05230545750622,103.79813444153979,3.87894904812425,3.217834194630463,113.53773023414412,X24649846134
False,171.4544704520502,104.25252162157587,103.9205101693264,5.743037066284983,3.160950075898371,111.81810710324832,A42552480927
True,171.48297765344276,103.89707750330442,103.58443975525115,3.800675529816629,3.173817323441733,113.41354744952186,E23760806981
True,171.80101531036024,103.47030845629983,103.28107871961414,3.94853336077344,3.0352764478955514,112.7958536601615,L96049802233
False,171.82167858574593,104.33028813939714,104.5001457905209,6.341455589794704,3.0150110590523895,110.90883743969182,S82191755267
True,171.47640888244004,103.8710023715662,103.3365175970469,4.638405094404935,2.834705341642726,113.82268114676118,J65261568054
True,172.02102265706623,103.89918259534683,103.7845361683163,3.827137350410789,3.234896498278823,113.46311200402013,Q54454524312
False,171.98112661201762,104.29025956503882,104.33406486435963,4.729413843465584,3.4708408631821426,112.11153554767978,A51786654756
True,172.39242336025774,104.1533970916847,104.11881326828399,4.399508922784676,2.936268652278569,113.87074664895277,Q87043087538
False,171.80560244767662,104.0337638160492,104.16496026126386,5.770875281943114,3.2765876466432964,111.39798066827667,H89818285951
False,171.78810047104417,104.18083702767166,104.30085134700202,4.942708686894363,3.6910571250547926,111.58429630055696,O68338656171
False,171.74484627046863,104.41144741992456,104.37304047666834,4.981756294720215,3.0245150091296775,111.92991086917336,K53987009276
True,171.60523141257968,103.61267054193675,103.50357850460644,3.7830590355981832,3.2069359648271063,113.29803135438867,J63740073816
True,172.08904101183285,103.88117408937904,103.74062287740318,4.535279807898558,2.7343158754269514,113.49708365329057,V19130686998
True,171.51554192202744,103.85076120743354,103.35502462235043,4.532010757557467,2.791629933120645,113.77884243785553,W11841021787
True,172.24775947441998,104.32948578396332,104.22221077496788,3.9436446598223527,3.545696503121207,113.72420041320008,Z43144548006
True,171.99872948187868,103.88520746932518,103.80963249185716,4.107957057819837,3.120717922280543,113.72914336091242,H12065703660
False,172.00899646688694,104.59701510209158,104.2847390869305,5.078793582698825,3.3446938746444617,111.87514347961508,A64559019892
False,171.672950354032,103.93222125704217,103.65430306324191,6.107377814169365,3.0277501476422,110.02701695421378,S58137038792
False,172.25714597591056,104.7804129584348,104.84165600288102,5.737757343333686,3.0960595666372495,112.15017263848226,Y22677323152
False,172.07863878023474,104.5270604258529,104.20060854186603,6.1990612382163235,3.100367580316067,111.13663784860579,Q57536706795
True,172.53876245136266,104.44852809738774,103.9615662042139,4.091379608395727,3.067466208937729,113.01823084353653,H75693323206
True,172.12019335399242,104.0804524113387,103.944355898922,3.9421596845958145,3.2453938265683404,113.10084180359493,W69977437168
True,172.5666325392955,104.2405945417173,104.00360476987584,4.551512020434154,2.9067216143133097,113.10514360679404,L81022987487
True,172.098876151964,103.97027419441014,103.7247072079198,4.549580599680807,3.0943470241012863,113.07020251984372,G06559113312
True,171.66103219543774,103.98238149365149,103.58658539413689,4.018241082906482,3.250595753762326,112.891798812901,E37294183168
True,172.53657437624557,104.43936753861348,104.00125627927318,4.066310512119748,3.046831035524994,113.1936613841811,X60350819422
True,172.47915981125965,104.34434810005669,104.06205392521564,4.196210072151683,3.067663006020941,112.6781460637264,Y63912288651
True,171.571323403217,103.80608901021661,103.91140886192836,4.573788639043843,2.577062159260289,113.31477513359322,D45490589980
False,172.13350419133522,104.18097313580193,104.14917009337871,4.935240615673749,3.348760692192888,112.26253655824411,R89494915000
True,172.15391202137025,104.5790308415712,103.62379626868922,4.03633648989215,3.2545784268669107,112.83237446193803,O85088509223
False,172.46630691956835,104.23680709197744,104.0813408764519,4.795466170117293,3.331217401140811,110.74511434453663,X13460477188
True,172.1259052690831,104.0517678456739,103.8407100028002,3.978875040375413,3.299091414330532,113.2138942569851,C67988289597
False,171.9062451941988,104.46219428881767,104.38591852117571,5.910828162356368,3.0633362343856727,113.23279222844869,S77233595204
False,171.95094394391376,104.19224576130368,104.11360112921243,4.292585712160983,3.4617859165645606,112.19394193899561,B78185710579
True,171.82419617724446,103.74436765793999,103.46531867429971,4.610285792669557,2.821350497631219,113.34057312800994,R40833544945
True,171.5281679421131,103.84223505350106,103.67707218097877,3.7941094224201977,3.1462577560383718,113.57317304901234,B58653608329
False,171.9409696349512,103.972913705473,104.24516883355362,5.044810439388088,3.440451495811353,111.7586090712629,Z09470209685
False,171.88666058273188,104.18806423901583,104.09768539811634,4.281931477063658,3.506628565524285,112.1449157935209,J80901740483
False,171.50970056584927,104.17757089604919,103.88023909057853,4.949109912610641,3.583194910762285,111.28578230498456,J03135824114
False,171.87221267149954,104.32545792916859,103.96304157482548,5.726557327314954,3.3096607449823385,111.57030269152503,F73254570790
True,172.06342793498115,104.33109821877026,104.18929830010713,4.63515337089896,3.0460819131637127,112.42070910556755,U44608957754
False,172.11844807216485,104.24264958540587,104.46493492279554,5.191824644562781,3.5602571672661445,111.65055629798748,R53290534202
True,171.84158752412736,103.4782580868893,103.58770589012123,3.9285842590813242,2.9530822423000633,113.08103657571957,S54075890405
False,171.5690132770792,104.14259249231783,103.87663439529068,5.075646914829187,3.6113157387669053,111.32704715300909,N88624431060
False,171.4075668989688,104.15860014468792,103.90939898668978,5.28505878217322,3.1454649073762893,111.63742373985987,S15233205334
True,172.1308886255474,104.4200311376011,104.01745870167615,4.5381340339459975,3.1913297904655398,112.73639731426778,Q62071635926
False,171.62166909748802,104.10653846527354,104.00329354126463,5.574622077736959,3.1841531600587163,111.54939104047617,L48998421992
False,172.07881636031544,104.54889650720634,104.31764760811805,5.089259540848222,3.3255203045927284,111.77961204456194,I65334024043
True,171.8692943547698,103.84698423545441,103.61452503029504,3.702738785427775,3.1129414629588883,112.83126905822967,J95842813007
True,172.14281591617228,103.75303762766012,103.87830361890857,3.6315598468882837,3.2496022289765385,113.0604288626196,R24558836275
True,171.7095220102341,103.80408110886188,103.84899177482185,3.928238442003054,3.112432321260532,112.94813964663233,Y98173051863
True,172.38541089786818,104.19656897453537,103.95800533739468,4.071854087763512,2.929189546237559,113.37523610099154,Y40874888127
True,171.97150135030893,104.09688599182101,104.13293392373284,4.03508253612334,3.348564993011127,111.65834564989626,H83915551041
True,171.8630550388934,104.34750896776409,103.93069847083402,3.572289578251344,3.3963676880750238,112.97742553845049,E89256073846
False,171.64056452497633,104.23416785304394,104.03531026414326,5.487293734482016,3.47169379221122,111.35874693607539,L49195300623
True,171.66809030175432,103.86613713741386,103.58125503996344,3.9598872005132106,2.94586380239075,113.56812561895478,B23564362723
True,172.1888587020934,104.3484312688483,104.27442453357057,3.9302599052869724,3.5309949124671456,113.37000752380239,L32334970644
True,171.69753137138744,103.63588057710564,103.38852611597555,3.645985380344315,3.138575750573793,112.94281689980697,E25309588284
True,172.32843751581512,103.8499461407328,103.54162799738874,4.1204724864276105,3.1664057563105237,113.43099364332333,S03764647893
True,172.06415522779483,103.95892381675218,103.85383187304444,4.594412914169641,3.0818658793795297,112.843787464219,O19874533934
True,171.94844398365456,103.89277307689248,103.76725250716078,3.9728908052350396,3.0790596546289963,113.74187905116656,E53881951891
False,171.4912995701475,104.02671932355099,104.03681994235784,5.782624611007265,3.179290947469455,112.03806272039705,C07940964471
False,171.62252405624838,104.06423136782227,104.09916678111965,6.258968330336927,3.080974551732983,110.63595491764663,D63147596627
False,172.06500785892337,104.20489365318399,103.88198071650655,5.26504895206782,3.2602189298289317,112.10037756150922,L00099969562
True,171.9806297486486,103.99955588219588,103.88977420406391,4.173742602508747,3.1803556191772606,113.10924051273571,L49501049493
False,172.0995655869083,104.21207563563361,104.45362995098111,5.2371825098407525,3.6092864126341175,111.7855607278326,U60390335763
True,171.12897309264642,104.29302303686687,103.1093237087364,4.153468057535918,2.9011336156197656,113.05219276961593,Y25975062624
False,171.95469814842446,104.46982804042801,104.32680509306645,5.356907181216869,3.3921609964653023,111.7760188531716,M70787739926
True,172.0510590011682,103.74376583493662,103.83248189075076,4.281968168144379,2.9480591351208405,113.71496437652732,M63573900981
True,171.63722347193104,103.93699528811383,103.55643293945897,3.9908276471237927,3.2563344119139725,112.98520312074916,U17274311927
False,171.95877593895497,104.00015960119752,103.90072489680219,5.713496275125205,3.2595081059377216,110.75957983712898,L37712704551
False,172.44345807267288,104.28072389786047,104.10040438490581,4.7917362323316866,3.353286620957945,110.71112192052323,O17686889113
True,171.80624888560138,103.6472243908423,103.660113499955,4.139388763864069,3.0716968339593382,113.62061045592608,Z21183812658
False,172.34430733929847,104.61218892612338,104.83884604223334,4.80497283717697,3.533715909386174,112.63096752427678,A00419681534
True,172.07840213448753,104.0188255789561,103.90471016198488,3.9818397650448834,3.3019236433934784,113.04428090640597,W34411873340
False,172.03150618029855,104.61555776311961,104.28748637446935,5.111413094747539,3.3185571438015202,111.65594322239912,T07624439161
False,171.99313168130507,104.47539921989926,104.26768567295288,5.75776654732588,3.2382652870858406,110.97657024577418,P19771019398
True,172.2589241590448,104.26247043317454,104.26851393443691,3.854216439027894,3.5431733305851827,113.37425937290477,F12980460316
True,171.92189166642956,104.3034636366663,103.77845437812597,4.461259665770209,2.9709089882496,112.7589445714993,E77227902878
False,171.73148134781957,104.41352857032105,104.39546156789552,4.861961753586126,3.0530393836069036,112.1042357660669,I32470300754
True,171.3252110936783,103.69474455081792,103.39466312356186,3.7909016079357696,3.1986609531175243,113.35436271222095,K75453409936
True,172.10960129580297,103.7590447306483,103.55250214072498,4.562793836065511,2.831401575695994,113.65429534341072,Y21264462907
False,171.76790775079013,104.48163302754662,104.1563287832722,4.307390541104754,3.6145013067659972,110.42884361911328,B26045099020
False,171.97671073099247,104.43384008783549,104.35412760211418,5.306911417078493,3.369882565021607,111.90050381315582,D91576197830
True,172.1022364962225,103.9885603419179,103.84332920636719,4.188290081942889,3.1287040168435114,113.26365889961785,A89782379520
False,172.00652069652912,103.98178024591284,104.23144513199738,4.9778536395379565,3.402659411502114,111.72892539529086,A89280567928
True,171.53297655473025,104.06419136604174,104.00234631197871,4.0139585806922735,3.2286788150975463,112.89460715528578,P41017337083
False,171.54840548577837,103.75884584150592,103.83665193488562,5.645632904409665,2.9955824482838014,112.93255646626385,P16341137548
True,171.82030856702752,103.73139354758965,103.76270207871754,4.396077352231071,2.921255929955953,113.82923836865662,C45301489731
True,171.68470165447593,103.82378908064895,103.8791594952094,4.069257454567357,3.1288170106477406,112.7675723672763,J63986168527
False,171.95162492170206,104.30654474144866,104.09496309120847,5.347968199091272,3.4359133633146293,111.88764128982518,S73738515909
True,172.0447136781637,104.2594432102101,104.22189356633193,4.944093865530208,2.8942567664145504,113.52319257152546,P06883754043
True,172.1966023147916,104.06238865399774,103.86438852959516,3.8309286184278983,3.2343358169922944,113.49927429089162,L40542070952
True,171.9986760525642,104.32198175186404,104.25694013553698,4.430815977464189,3.0181403320567255,112.90530858263591,O09326387148
False,172.0744549550227,104.40289559775249,104.25065508330154,5.303059599014936,3.4214318514035926,111.99352700016058,C05912746495
False,172.106919299038,104.20812456785548,104.44406722194827,5.321579217858669,3.5987994518072552,112.04892401765031,W18621913420
True,171.82991039051123,103.88547352572279,103.76494047700454,4.125373727638519,3.077378736572247,113.07688946428182,L59650035505
True,171.5731518275357,103.22950261954128,103.69425404682089,4.06607508712215,2.949770999940798,113.57236346112894,C27210517268
False,171.51829828927114,104.02920592765943,104.04658675207268,5.746943860695189,3.253487823667458,111.7117040006697,L62257555751
True,172.46924578528382,104.03716903702063,103.5194519154889,4.4771623621698815,3.1277210904865935,112.85324828559074,J82763071241
True,171.8995768990582,104.33903981248292,103.75052158939478,4.378723816699986,2.9645376386449236,112.53447050021428,V90922109690
False,172.42936995529345,104.37021386272662,103.92846409054195,4.247117788637342,3.378094407413303,111.58779522201388,G38585899573
False,172.10891091396354,103.97057986509644,104.26263044556697,5.684138058544092,3.1429993887277203,111.0104508019108,L99947622315
True,171.64932517553436,103.70184636545301,103.76278381215364,4.058930522367182,2.8492804948802855,113.25160462390652,J95233451620
False,171.6406340333673,104.28942551708722,104.40572434244312,5.5979332751242845,3.222976342754184,112.38334861162889,H48429170014
True,172.80242850034998,104.41043955110693,103.9951139131235,4.389751214955586,3.119813709911421,113.02443013724564,C65567209072
False,171.90265498449418,104.49386214028826,104.28269033391122,4.5521442083816845,3.352246007519699,110.6256165730122,X36085819042
False,172.46293681433343,104.09973319319231,103.68389002820577,3.759196375515452,3.621172193104688,110.6242725028128,N70108961049
False,171.70811084529777,103.9412197982211,103.4853276102927,5.280331148930517,3.249506708201325,111.46736637135741,G26688339512
True,172.29547757228343,104.03647718826224,103.91188935446682,4.411223429727222,2.9064945664602417,113.12860357030806,S40070419685
True,171.90410724753002,104.14955359758018,104.12370518923406,4.217947855350678,3.3406563121878246,111.73209237656009,O13350202411
False,171.62972762827565,104.13841809794638,104.43618007159688,4.912555332034882,3.6394152104253488,111.90260254364871,A41126306937
True,171.79968444651325,103.84115685968978,103.63781740571874,3.54315089058596,3.124703103271985,113.60350600966363,X22229257320
False,172.37772927337548,104.55062334235772,104.27792624614524,5.21010540036813,3.5094574101664993,112.01424929727558,Z64167594259
False,171.76936743614644,104.35719443710155,104.41935344837026,5.028579267918476,3.1010552281250416,112.11048843773982,P92801942094
True,171.3899284481371,103.4996988341555,103.53032083672504,4.057567329158104,3.1181717915255978,113.29159688281116,W81733936763
False,172.22320595760698,104.70571246110663,104.89510964859937,5.748334263972965,3.138480671707473,112.18751064810873,N44494721098
True,171.98076038543945,103.56060532828651,103.78315568132678,4.033380376039812,3.343258220332335,113.53839313875524,G56488870981
False,172.32210342916227,104.60712339129903,104.82304074540487,4.843516133549778,3.466261502608124,112.53260950329728,O75267397147
True,171.82916002489836,103.83299753547382,103.79945824615427,4.477296809381063,2.7599455287986223,113.97433213825069,Y29822214360
True,171.8098875848462,103.97193943403627,103.41784923190033,3.9815810619469025,2.993113190966665,113.17216135004894,L72475285139
True,172.10590798812405,103.72280991357658,103.52623574276195,4.603557066043371,2.7867727901505215,113.38588064982122,O61193766804
False,171.73515846015488,104.19263452638515,104.24377452470861,5.766994481831217,3.2761835140984306,111.64542420156998,S50155515240
True,172.15082852528815,103.8071793603302,103.31690496188351,4.438860206316636,2.8799617150163135,113.43502976314008,C88755327225
False,173.0132129117099,104.61442622650004,104.30893517468367,4.993182565435486,3.032331818875456,111.06863176884184,T80928845909
False,171.6555399201306,104.21974525898048,104.32969602272955,5.211915800017014,3.521123389718523,111.83841366797141,M09945879739
True,171.7663047356963,103.89198795560236,103.7439201452358,3.6899690463147192,3.2698998927829357,113.47231292023149,X13174815279
False,172.0792338906533,104.32656965901786,104.17616422300694,4.096463831447391,3.4304897406827957,111.02322869790416,V71117183161
True,172.02167687955992,103.8846167620772,103.7536484042576,4.574608665228196,2.7197001738283593,113.41735821092432,A71606480930
True,171.97892839306547,103.49385823512576,103.76213969350664,4.04682406027637,3.32034241302964,113.69109944423921,J11338134772
True,171.83445746717305,103.81812196924936,103.72344841493056,3.7918062134024413,3.2758584585693558,113.44038291072808,M31506622564
False,172.03604704206924,104.2941032250311,104.3270009019163,4.668749889269067,3.46675311848483,112.18047690840234,J51461424740
True,172.08139873676166,104.0016356313548,103.91125191580059,4.422762198392304,3.0434783521014372,113.14124189064673,B67273256568
False,171.93174298810135,104.3606543563811,104.16499540479421,5.394612470117821,3.448109198675763,111.90534325502679,D84588030452
True,172.15605236813343,104.06016217406366,103.77107327097907,3.930669306942752,3.211476564325458,113.50517163770769,Z14632065266
True,172.0309207167252,104.25391403535875,104.27771421925965,5.018524188555239,2.8416449887578197,113.60302356420283,Q22245366118
False,171.8978614596262,103.89356578013678,104.01047878073075,4.845127212245578,3.664936597654344,111.38516086739952,R83713192047
True,171.32140199014907,103.68855558429853,103.41259064906104,3.6980086244352175,3.226910786901698,113.35107798997664,Y66032571887
False,171.87561488137592,104.2156658041843,104.30374066228188,5.008415927858463,3.576331540260351,111.54762978114005,C70095358066
False,171.82825968933008,104.05622564926999,104.31623447692034,4.903036930407246,3.468683557518874,112.09379680621686,D97941602408
False,171.6316965993375,104.23290727152869,103.93871694046427,5.559617785982803,3.458464151299522,111.36380318256828,G66729646403
True,171.8664486328855,103.89129845549327,103.72010238423287,4.183120832497268,3.0806639533207103,113.16547366274756,S86089568745
False,171.91448363787856,104.26678342820098,103.93461602453137,5.561730544647296,3.314478053991767,111.59497121990626,P28753692131
False,171.84674883626957,104.21891186115614,104.24403499822176,5.141552704600975,3.686482560599918,111.78638828595999,X79430179839
False,171.69330264134874,103.87775005452606,103.50401647107684,5.1303508444134724,3.250993893248399,111.32584168140619,H21033429502
True,171.5752553041221,104.06964745451569,103.97678699733103,3.9192764233590136,3.229007823518997,112.72316909791371,U29738562812
True,172.03942799275467,103.70270981781384,103.75284211627638,4.1964423822687795,3.053712841195959,112.33748143644735,L75266248125
True,172.3203847991771,104.53773814613298,104.15249654698505,4.183622353923662,3.321160222999966,113.11023547149576,A75414540053
True,171.8117396876537,103.77344681042767,103.73911931754944,3.8796569173569955,3.247512986403869,113.35616840247027,X35016118371
False,171.97154430137638,104.15881687940352,104.1645767269713,5.4748725164300645,3.2409058848054952,111.8950718374641,E73535046688
True,171.48154588659702,103.84128881463212,103.37241952578057,4.482279273239369,2.7732482879822804,113.82822995527303,M29796989056
True,172.73425339914996,104.32885146915164,103.97290529955204,4.284302928130126,3.1245116744381067,113.10549254248092,C99486181996
False,172.21057971743627,104.4648599454046,104.6395160075705,5.272111055952435,3.343564012489506,112.04706596203046,M19761501829
False,171.9642082872213,104.3976981697559,104.16450150734077,5.709592990827462,3.497752513073135,110.92632119053113,U00615770922
True,172.29610269648992,104.15020855428897,104.17286333057591,4.00781937635478,3.217332243610499,113.3950766346062,Q18041837068
True,171.99538817839093,103.71814233221745,103.37967277783004,4.334357985948809,3.0864707964745746,113.52441960124607,E34025120915
True,171.77356324467272,103.70321950145052,103.48887967079558,4.215932182342758,2.9150372175241817,113.20431480098193,I24722976592
True,172.29042162119063,104.04612902986267,103.91338744883868,4.282225801590389,2.9273884060985456,113.28475890668456,C83821623782
True,171.33920441663736,103.67289421957581,103.42774084944928,3.7258385521718926,3.2551949755552356,113.27675227556905,O09777329746
True,172.06130800880197,103.90070877648942,103.7955028141402,3.816202520046995,3.254436519750133,113.46673402963937,D68855764599
False,171.73334091207764,104.49163631924634,104.09472278371793,5.86008219902295,3.169911170604834,111.86549617106475,D31679384821
False,172.0349966541291,104.28504597633734,104.47648205147543,4.888749163745281,3.2624343282738404,112.03683557882718,P89577911269
True,171.49949419292193,103.77808962251493,103.61972774189324,4.020432981905672,3.068499675569078,113.00104885539518,V97690672229
False,171.71780314555295,104.31841833721319,103.96895993753844,6.003219645017548,3.1418069992416617,111.69812582642653,Q33869314252
True,171.6812226332231,103.93030386247116,104.1198389960675,3.9906641601902804,2.9064431417313337,113.50082594437215,B35892308395
False,171.98783659672355,104.34104778584157,104.52222705280359,4.870494742167462,3.294573760135943,112.1541724281916,Q25334121279
False,171.74267061251922,104.32560478103743,104.0359692657026,5.9454169714374165,3.116911231693323,111.95827212311137,U07882289493
True,171.96382873342623,103.65854738240131,103.4458954085446,4.589464201524744,2.7424849616126923,113.30608244559502,A59061824430
True,172.49104553149462,104.32310994628925,104.0346363913314,4.245057401717093,3.0233478415748807,112.77864412784346,K55664224535
True,171.65767427111857,104.15258346117598,104.12925346742658,4.9044431745785415,2.9009771134635156,113.52037578377842,U83119180219
True,172.17420122392983,104.25035953652127,104.33695446354947,3.983715400672023,3.3211879135257996,114.03650639806719,F92212221845
False,171.50286497103883,104.07320849234146,104.24712073848401,4.810975293133482,3.479076603101233,111.93612264069048,I20318795905
False,171.60869569946018,104.32830663657369,104.44891879545989,5.609675559879168,3.247371783858114,112.38701012904691,L26207328800
True,171.99501747490268,103.90425345530767,103.83282101634364,4.148025445826172,3.1063100217190334,113.51718145745149,K07472212863
False,172.05462249522068,104.30431757983277,104.4446372292966,4.857640847545765,3.2669642129966223,112.17292544435293,Q65216748767
False,172.03476297968635,104.63327711880702,104.34173913927282,5.139686056198755,3.365033475699212,111.74434263559253,Q63419709819
False,171.87166037596558,104.16937815425055,104.30578375261477,5.002161092103576,3.5635872278374494,111.45472367783348,J11828161374
False,171.92264545861477,104.57488320618837,104.21085720101424,4.633265501323548,3.361283493630566,110.71396268583605,F08369882457
True,171.66293256945693,103.91648074886047,104.10886242595477,4.0917979619629365,2.8971941983614604,113.57239626729488,H76783278388
False,171.87665139170463,104.26744186669208,103.88961571046981,5.622480873241158,3.3105959187008493,111.77010734637513,R88758869728
True,171.88386046313627,103.88824543910297,103.7833152523316,4.003303171910528,3.0417541946611917,113.2080406473825,X33608790638
False,172.0893161659399,104.16371440557477,103.8854948906013,5.020212610582821,3.637490875697814,111.48202405946527,G65245209682
True,171.85078447209528,104.86649817059272,104.9105208619567,4.504514447368211,2.8979745505043533,112.83071860145127,A14490481279
True,171.8926079245198,103.93461384012306,104.11299789929838,4.297151624598203,2.9182196236659537,112.89886243567534,Z82465947808
True,172.02684089363493,103.91082656654794,103.90144181940568,4.289198869819652,3.1919396958801314,113.1283291688725,C63311877302
True,171.82308844549172,103.66961983852231,103.52911785069016,4.606002625100715,2.6979191700622147,113.18428020555679,M84404186378
False,171.97162825892696,103.98016130488374,103.9814664732459,5.551991903804385,3.254036691015121,110.97609828583387,K66279080125
False,171.43895917464957,103.99491576878557,104.14815343531423,5.523696195905547,3.3709943377184004,112.67703474242776,V94698262432
False,171.45312321030596,104.15521879716438,103.92224934652825,5.453888954644942,3.1341564088052714,111.63229482786922,X49857454574
False,171.51505095994798,103.75671161101376,103.90192623539994,5.628413593424985,2.9468098540048233,112.9908617463513,J99561983863
False,172.06209702608828,104.58981497053686,104.30433589973183,5.1492796345461915,3.3356736859289726,111.77247945568622,E07125228734
False,171.6493418858371,104.36274614387071,104.1850403841046,5.720487227600879,3.0750823918293118,112.72396169527295,P99613225811
True,172.0282534128554,103.92326679389946,103.79044944806479,4.144616459201973,3.1180832356736294,113.24131537084799,K49853790461
True,171.76387696552462,104.06660455294664,103.64369089048304,4.2627912101437495,2.950581658745404,112.83626953777474,Y62277058427
True,171.72309172840718,103.73490761853667,103.48066816305358,4.1347773074012615,2.9293898946870898,113.19903589895064,K52348609573
True,171.9768651519965,103.72231657228303,104.1846339980438,4.328126544643271,2.9669208531511093,112.81068728101866,Y16287123753
True,172.40615417611122,103.5805010812813,103.81323074393106,3.872018194547057,2.8829102863742424,113.26431577134588,X28733835725
True,172.53001002237318,104.32662665716619,104.03039213711158,4.240583459743715,3.08891534385562,112.66282333610684,W88658195615
False,171.95369438105084,104.00757265510224,103.97898589915611,5.588688998277575,3.2630066960664537,110.81782488405759,Z06871642198
True,171.08706866934153,104.22856902547417,103.13140420888989,4.127293481088975,2.924410808946536,113.09910236260112,E06027144044
False,171.34416746324194,103.99873868402047,104.14649525205975,5.464472680934804,3.3670957051643646,112.69108174829715,U97753124773
True,172.1088247278988,104.4219517208368,104.10760021344713,4.480249302832548,3.20774122789419,112.73702149604343,C05645540649
True,171.98035876846947,103.86837306645188,103.64918138672444,3.745528524776465,3.0836447455548908,112.83834695616993,W37820840823
True,172.02214569587522,103.67969750645817,103.82674079315004,4.17473326178662,2.9462156274213904,113.75763970816534,O73605567474
False,171.94717946440917,104.48032977054923,104.34345405552376,5.807689411978917,3.0912070397100537,113.04592958400934,N68276516310
False,171.82729139560445,103.98000646916255,103.8699232809487,4.750430528338976,3.510153926333089,111.8370316657933,T02105616934
False,171.52838905454382,103.81529074537627,103.87678612358248,5.691760432567745,2.945682685565639,113.00604567026215,N97142190216
False,171.78641134329123,104.05662073040753,104.27611713865679,4.934740848991728,3.475779851927819,112.02948843844457,H31051551428
True,172.18039718796757,103.8727153719708,103.68898105018089,4.4183879441969385,2.8438486947681234,113.23697266170198,S08950324477
True,171.7616085027005,103.5432973691937,103.24398449389318,4.105987659522572,3.073667830589106,112.71277184972946,M30515063152
False,171.66675345985828,103.79005731422924,103.45371381866634,5.09711840347573,3.3345512773714927,111.58495508576294,L00948145242
True,171.67788148298877,104.17143003126267,104.18235020053251,4.808397106320437,2.937436482196913,113.58109707774881,G04615014698
True,172.5967212327074,104.71841400675775,104.452697275489,4.6366384418138455,3.008638162079017,113.27544027176143,A44657281208
True,171.41216441440582,103.64520964387451,103.41601871765542,3.625955277378808,3.2029498423542826,113.11935451497136,B21802174731
True,172.28311148983175,104.58605471935621,104.13691566817037,4.52662583832281,3.359299785875654,112.92196919781226,E16678632770
True,171.80186965947274,104.01296309033032,103.50691596685527,3.9885069798998463,2.9894669758751555,113.03077941214215,U42796646823
True,171.71012385415028,103.83749904123542,104.11039322838937,4.067130957978749,2.9104362441240377,113.38095672272475,P98239675554
True,172.22338071217524,103.98344547792856,103.54312888087878,3.8475763525834292,2.9728390762864723,113.55042506979656,P23897924246
True,172.4950762362245,103.93731584626082,103.9312149765316,4.505252918210774,2.8644931823269753,113.51706315064403,S43674623633
True,171.63273757607098,103.93550034988314,103.63005911260942,4.071299207063084,3.2711658054989003,113.00056999112493,U45112633667
False,171.71037658358384,104.39872074298765,104.337520501816,4.855705220478581,3.0456055357841727,112.14507213597058,A35167848614
True,172.27276477326572,104.50129888658618,104.06259591606127,4.683354334892278,2.9440414565405906,112.84976442789366,L26421150986
True,171.80127864655182,103.59950971204891,103.41615363227118,3.8827923031936766,3.1592508947207714,112.88302764418826,A87249354861
True,171.88877755267782,104.09009717445913,104.19896119223465,4.127093647736449,3.3234190116044284,111.82982843911795,A54685341774
True,171.8330659985232,103.93354909657518,103.48630816157487,4.081798862378291,3.032158907224053,112.94495249556918,C87911613902
False,171.955662410237,104.1729789250852,104.21255736203322,5.188076291515062,3.1882020754533373,111.947071878134,X12010799572
True,171.61592445363365,103.85521617710188,103.91938452720218,4.585701639172176,2.568684773750493,113.32165357450684,L33528760201
